contact_id,company_id,name,email,phone,job_title,department
3001,2042,Raymond Meyer,jamesnavarro@gmail.com,(927)323-8290x46483,CEO,AI Department
3002,2048,Courtney Harris,nfarrell@hotmail.com,7599532405,CEO,Technology
3003,2001,Nicholas Williams,bailey12@burton.com,001-905-225-3588,Innovation Officer,Technology
3004,2046,Elizabeth Ali,michellegarcia@yahoo.com,814-358-7432,Innovation Officer,Management
3005,2040,Rebekah Ortiz,marissa94@yahoo.com,001-150-263-1687x745,Project Lead,Technology
3006,2034,Gary Wallace,krista15@fisher.org,+1-934-260-3002x3562,R&D Manager,Research
3007,2022,Rhonda Herman,hesterkimberly@hotmail.com,(832)502-8993,R&D Manager,AI Department
3008,2010,Edwin Richardson,cjenkins@harper.org,(061)815-3944x86436,Innovation Officer,Engineering
3009,2022,Janet Mueller,normaluna@ruiz-dorsey.com,378-208-4246x60894,R&D Manager,AI Department
3010,2013,Joseph Sanders,summerhill@yahoo.com,+1-036-756-4877x1109,Innovation Officer,AI Department
3011,2044,Misty Stevens,kimberly67@hotmail.com,(291)008-9227x91282,CEO,Research
3012,2026,Anna Mills,hoffmanpamela@hotmail.com,(098)784-4149x3244,Innovation Officer,Research
3013,2035,Abigail Jimenez,morenomary@clark.org,001-056-358-0527x373,Project Lead,Research
3014,2013,Andrew Rogers,william18@yahoo.com,344-604-5023,CEO,Technology
3015,2025,Mary Wu,scottwilliams@munoz-fox.com,023-305-6568x0431,CEO,Technology
3016,2046,Ann Garcia,john96@hotmail.com,236.425.9738,CEO,AI Department
3017,2001,Kelly Wilson,morrowkaren@gmail.com,+1-332-724-4071,Project Lead,Research
3018,2023,Nicole Ross,floydmark@yahoo.com,963-012-1622x8520,Project Lead,Engineering
3019,2012,Chase Davis,mayotimothy@yahoo.com,(948)950-0546,R&D Manager,Technology
3020,2019,Whitney Johnson,sonya44@gmail.com,(333)363-4609x185,CTO,AI Department
3021,2035,Donald Kelley,katie35@richardson.com,058-450-9228x193,R&D Manager,AI Department
3022,2014,William Anderson,mike33@hotmail.com,(877)999-6085x13322,Project Lead,Technology
3023,2047,Jacob Simpson,mcguireryan@lopez.com,(035)201-2276,CEO,Research
3024,2034,Karen Ramirez,wattskara@hotmail.com,031-731-0447x438,R&D Manager,Technology
3025,2007,Amanda Small,ingrampatricia@hotmail.com,354-814-0895x41365,Project Lead,Management
3026,2004,Kenneth Garcia,kbaker@gmail.com,055-367-4328x3770,Innovation Officer,Research
3027,2031,Cheryl Gonzalez,barbara19@shaffer.com,+1-667-551-0800x3687,Innovation Officer,Research
3028,2048,Vanessa Smith,ramireznancy@hotmail.com,001-067-867-3318,CTO,Technology
3029,2004,Ashley Daniel,patricia28@johnson-blevins.com,+1-229-304-5165x11606,CEO,Management
3030,2033,Christine Martinez,robertedwards@garcia.com,460-008-2655x56658,Innovation Officer,Management
3031,2041,Stacey Moran,poncedavid@dunn-jones.com,001-192-161-9511,Project Lead,Research
3032,2001,Jacob Luna,fwilliams@lopez-stone.com,(603)172-1394x747,CEO,Engineering
3033,2043,Bruce Schmidt,reyesjonathon@garcia.com,4189151614,R&D Manager,AI Department
3034,2033,Arthur Byrd,dandrews@anderson-king.info,(519)391-7458x839,Project Lead,Technology
3035,2004,Douglas Myers,yclark@gmail.com,001-257-201-2882x506,CEO,Technology
3036,2008,Suzanne Khan,alan46@yahoo.com,+1-629-553-4593x2220,CEO,Management
3037,2032,Deanna Thomas,jackie04@yahoo.com,001-734-823-5635x63039,Innovation Officer,Management
3038,2004,Patricia Contreras,fpope@gmail.com,3141084530,Innovation Officer,Research
3039,2029,Marvin Bell,nflores@randall.biz,(865)950-7869,Innovation Officer,Engineering
3040,2033,Lisa Taylor,garciamanuel@watkins-thomas.net,846-780-9732x10928,R&D Manager,Research
3041,2035,Anthony Rangel,heather65@yahoo.com,+1-145-680-5943x2868,R&D Manager,Engineering
3042,2003,Alyssa Whitaker,autumn08@hotmail.com,809-798-1359,CTO,Management
3043,2036,Peter Townsend,nicole21@rivera.info,+1-329-660-5450x16771,CTO,Research
3044,2024,Melissa Simmons,jasminelove@cox-potter.com,664-676-9734,Innovation Officer,Engineering
3045,2022,Lisa Walker,phorton@yahoo.com,+1-200-351-5116x0020,R&D Manager,Technology
3046,2022,Tiffany Smith,thomasanderson@hotmail.com,(637)022-5597x748,Innovation Officer,Management
3047,2004,Johnny Jones,sharpjohn@perez.com,718.533.8310x727,R&D Manager,Technology
3048,2013,Christopher Thompson,plewis@dunn-conner.com,484-025-7547,CEO,Research
3049,2004,Teresa Ali,stevenmorris@hotmail.com,001-900-858-8781,Project Lead,AI Department
3050,2023,Heidi Reid,alee@yahoo.com,+1-415-584-6627,CTO,AI Department
3051,2015,Denise Mitchell,andradejohn@yahoo.com,9029307943,R&D Manager,Research
3052,2014,Lindsay Richard,samanthagonzalez@hotmail.com,(472)769-4777,CEO,Engineering
3053,2050,Brandi Carter,jordanluis@hotmail.com,(359)106-3448,Project Lead,Management
3054,2012,Diane Phillips,pageregina@gmail.com,7810387390,R&D Manager,Engineering
3055,2034,Brooke Davenport,amy18@carpenter-wheeler.com,(060)964-2124x2648,R&D Manager,Technology
3056,2002,David Campbell DDS,wmiller@torres.com,(012)805-7316,R&D Manager,Management
3057,2016,John Wall,dennispatterson@sanchez.com,1972499181,Innovation Officer,Research
3058,2029,Laura Tran,derrick74@hotmail.com,759.478.9328x501,CTO,Technology
3059,2045,Jerry Ramsey,stephen49@butler-jarvis.org,829.476.8075x83698,Project Lead,Technology
3060,2021,Timothy Young,xsmith@gmail.com,108.680.6956x12047,R&D Manager,Management
3061,2037,Cameron Lee,westchristopher@arnold.net,888.211.8581,CTO,AI Department
3062,2006,Holly Patton,russellnancy@harper-walter.com,001-804-765-9806x38604,CTO,Research
3063,2027,Steven Miller,marshjeffrey@yahoo.com,094.871.2214x42425,CEO,Engineering
3064,2031,Adrian Anderson,dbell@garcia.biz,+1-740-489-5018x737,CEO,Research
3065,2042,Richard Larson,josephherrera@yahoo.com,8928176379,CEO,Management
3066,2027,Kyle Hill,hendersonjames@carroll.com,999.749.9152,CEO,AI Department
3067,2020,Donald Sanchez,ecook@richmond.com,235-745-0855,Innovation Officer,Management
3068,2039,Jeffrey Gardner,rsingh@hotmail.com,381.795.1945,R&D Manager,Engineering
3069,2032,Douglas Delacruz,heather42@smith.biz,(108)272-6946x909,CEO,Research
3070,2033,Cole Esparza,michaelbray@reeves-miller.org,(575)086-1877,Project Lead,Engineering
3071,2008,Nathan Williams,fmendez@roth.com,188-290-6601x4436,R&D Manager,Research
3072,2004,Keith Miller,michael77@hotmail.com,377.455.7252,Project Lead,Research
3073,2027,Elizabeth Powell,williamsbradley@yahoo.com,945.280.1447,Innovation Officer,Technology
3074,2018,Jordan Guerrero,ztodd@yahoo.com,+1-221-336-5036,Innovation Officer,Research
3075,2045,Mark Jackson,andrew84@stone-moody.biz,486-376-7386,R&D Manager,Management
3076,2041,Dawn Ramirez,michael81@hotmail.com,031.796.4928x070,CTO,Engineering
3077,2017,Andrew Marquez,michelle52@yahoo.com,001-099-874-7015,Project Lead,AI Department
3078,2022,Holly Carlson,wilsonbrandy@yahoo.com,+1-707-689-2645x106,CTO,Technology
3079,2001,Matthew Johnson,johnhamilton@escobar.com,343-155-7459,CTO,Management
3080,2040,Margaret Rivas,cunninghamanna@smith-dawson.com,(249)979-9078x41898,R&D Manager,Engineering
3081,2005,Natalie Watson,zavalamargaret@gmail.com,896-907-9827,R&D Manager,Engineering
3082,2016,Deborah Reed,michael43@rios.com,517.921.6612,Project Lead,Management
3083,2004,Kyle Munoz,jenna11@gmail.com,(555)829-2195x50685,Innovation Officer,Research
3084,2049,Angela Osborne,karen29@yahoo.com,2583846474,Innovation Officer,Management
3085,2028,Shawna Harris,stricklandbrian@gmail.com,+1-191-053-1542x511,Innovation Officer,Research
3086,2003,Kurt Anderson,kara92@roberts-young.com,205-187-6557,Project Lead,Engineering
3087,2026,Daniel Miller,durhamtheresa@pittman-newman.com,001-418-419-9834,CEO,Research
3088,2012,Darrell Allen,zwilliams@yahoo.com,+1-199-642-5634x982,CEO,Management
3089,2016,Jessica Stephens,ulong@bowen-nelson.com,390-261-5370x00710,Innovation Officer,Technology
3090,2049,Jennifer Hernandez,hopkinsmeredith@campbell.com,(636)466-4840,CEO,AI Department
3091,2040,Samantha Wright,ufriedman@mclaughlin.com,325.578.7463,CEO,Engineering
3092,2024,Amanda Smith,george07@campos.com,259-135-4273x9340,Innovation Officer,Management
3093,2004,Mr. Ricardo Hall,john83@baker.com,914.897.9275x917,Innovation Officer,Technology
3094,2003,Shelby Mathews,gphillips@gmail.com,(592)615-3928x215,Project Lead,Research
3095,2037,Mark Dominguez,ffischer@yahoo.com,221-417-3022x9178,Innovation Officer,AI Department
3096,2047,Kevin Boyd,richardshort@gmail.com,+1-397-629-5241x18723,Innovation Officer,AI Department
3097,2014,Robert Clark,ulee@hotmail.com,280.190.5311x822,Innovation Officer,Engineering
3098,2044,Chad Diaz,tgallagher@morrison.org,011-200-4738x1195,Project Lead,AI Department
3099,2031,Madeline Zimmerman,christopher06@yahoo.com,(954)880-6458x651,CEO,Management
3100,2032,Ronald Jones,david58@goodman-brown.com,209.558.2302x139,CEO,Technology
3101,2047,Jeffrey Small,jcollins@wells.biz,2575324744,Innovation Officer,Management
3102,2033,Nicole Clark,alee@hotmail.com,+1-974-431-7261,Project Lead,Technology
3103,2024,Jesse Vargas,scottjames@gmail.com,+1-055-768-4420x677,R&D Manager,Technology
3104,2035,Lisa Ritter,patrick01@gmail.com,001-810-827-4913,R&D Manager,AI Department
3105,2037,Adam Farrell,matthew60@yahoo.com,609-135-1456x036,CTO,Management
3106,2047,Tiffany Sullivan,davidbooth@hotmail.com,001-317-678-0031x599,R&D Manager,Research
3107,2050,Renee Wells MD,rodriguezsydney@davis.com,387-136-0924,CTO,Technology
3108,2001,Janet Ortega,vjackson@hotmail.com,375-830-1056x16796,CEO,Management
3109,2047,Marissa Hogan,xhowe@key.net,+1-483-903-4696x034,Project Lead,Management
3110,2039,Pamela Acosta,velazquezkevin@hotmail.com,+1-845-608-5276x484,Innovation Officer,Technology
3111,2008,Wanda Knight,stevenbenson@yahoo.com,+1-081-894-2044x70285,CEO,Engineering
3112,2040,Joshua Sullivan,amandalarson@russo.com,7200035127,Innovation Officer,Research
3113,2045,Andrew Moore,timothyhurst@hotmail.com,664-231-7689x4168,Innovation Officer,Management
3114,2044,Craig Holder,mhobbs@yahoo.com,+1-008-651-6853x409,Innovation Officer,Research
3115,2045,Edward Wilkerson,ucampos@underwood.info,189-647-5550x817,R&D Manager,Engineering
3116,2007,William Oconnor,gscott@hotmail.com,347.785.1336x52068,R&D Manager,Management
3117,2004,Stephen Davis,xjackson@williams-vega.net,+1-600-523-2391,Innovation Officer,AI Department
3118,2044,Kelly Garcia,paigemorris@hotmail.com,(931)720-2224,CEO,AI Department
3119,2012,Omar Elliott,cvelasquez@hotmail.com,(633)188-5785x52156,Project Lead,Technology
3120,2030,Jennifer Williams,daniel55@hotmail.com,536-168-9011x3899,CTO,Engineering
3121,2036,Megan Ramirez,melissa90@gmail.com,001-304-361-6965x004,CTO,Technology
3122,2046,Antonio Hernandez,mbeck@harper-ramirez.com,001-984-720-5476x0439,Innovation Officer,AI Department
3123,2033,Hannah Hess,laurahancock@gmail.com,(079)863-0216x10669,Project Lead,Management
3124,2014,Heather Rojas,sanfordjose@yahoo.com,(424)100-9056x5338,CEO,AI Department
3125,2012,Gary Wise,grahamgregory@hutchinson.net,822-333-3212x457,Innovation Officer,Management
3126,2013,Erik Wright,jeffreythomas@hotmail.com,658-931-8074x902,R&D Manager,Research
3127,2045,Christy Thompson,christopher62@lynch.com,001-637-231-5611,CEO,AI Department
3128,2013,Abigail Johns,mark88@sparks.com,(614)803-3018x05101,CTO,Technology
3129,2019,Karen Lang,ashley25@hughes.com,+1-159-438-8156x13859,CTO,Technology
3130,2022,Dawn Carter,clinton18@ramirez.info,(063)713-5099,Innovation Officer,Engineering
3131,2041,Ashley Mitchell,katie35@watson.biz,667.604.6248x0750,Project Lead,Research
3132,2032,Vanessa Green,matthew26@yahoo.com,(271)864-3729x6895,CTO,Research
3133,2041,Eddie Cox,bjackson@bradshaw.biz,847-706-1641,Innovation Officer,AI Department
3134,2021,Valerie Dominguez,reedbrandon@gmail.com,044-363-1050x62096,Innovation Officer,AI Department
3135,2030,Teresa Jones,sloanshane@smith.com,001-086-994-2389x9835,Project Lead,Research
3136,2048,Michelle Walker,brett30@green.com,0565986674,CTO,Technology
3137,2029,Caroline Phelps,khughes@ferguson.com,+1-719-972-5663,CEO,Research
3138,2029,Kristen Skinner,ashley40@hotmail.com,+1-829-082-7784x767,Innovation Officer,Engineering
3139,2050,Douglas Ford,wunicholas@yahoo.com,(361)047-9838x272,Project Lead,AI Department
3140,2025,Deborah Miller,tmccarty@hotmail.com,+1-378-728-5916x1995,Innovation Officer,AI Department
3141,2043,Raymond Scott,devonwade@gmail.com,(242)614-8514x3969,Innovation Officer,Research
3142,2049,Madison Small,dianabarnes@yahoo.com,589-771-4987x5686,Project Lead,AI Department
3143,2005,Mark Little DVM,vcollins@clark-mendez.com,853-275-9038x8348,R&D Manager,AI Department
3144,2043,Leslie Young,danielle16@gmail.com,001-349-966-8416,R&D Manager,Management
3145,2036,Angela Schmidt,jamie82@yahoo.com,001-627-361-0690,CEO,AI Department
3146,2003,Edward Sanchez,robert06@yang.com,989.261.5518x4547,R&D Manager,Engineering
3147,2014,James Diaz,mullinsmark@hotmail.com,231-127-8215x14044,R&D Manager,Technology
3148,2007,Tiffany Roberson,rhodesjohn@yahoo.com,(929)064-4474x06817,CTO,Engineering
3149,2048,Wanda Lee,larry89@yahoo.com,+1-241-181-7445x6261,R&D Manager,AI Department
3150,2033,Gabriel Harris,ocardenas@gmail.com,3809560573,CTO,Engineering
3151,2010,Mrs. Julia Strickland,sheila68@hotmail.com,048-699-3003,R&D Manager,Engineering
3152,2016,Allen Cortez,collinsjacob@yahoo.com,420-839-3949,R&D Manager,AI Department
3153,2001,Michael Frazier,michael16@gmail.com,577.414.1674,CEO,AI Department
3154,2016,Brendan Parks,lisamiller@lyons-thomas.com,+1-775-014-7783x872,R&D Manager,Management
3155,2013,John Bruce,millstara@watts-morrison.com,381-650-8244x261,Innovation Officer,Management
3156,2033,Rebekah Miller,jamesjackson@hotmail.com,+1-093-260-0393x6726,Project Lead,Engineering
3157,2027,Mary Scott,collinswilliam@gmail.com,243-978-2443,R&D Manager,Management
3158,2037,Natasha Walls,tracy59@yahoo.com,440.190.2952x747,R&D Manager,Research
3159,2013,Brian Conway,rossjasmine@rose.com,+1-943-613-1054x470,R&D Manager,Engineering
3160,2039,David Jones,qjones@wallace.com,(995)103-7226x953,CTO,Engineering
3161,2038,Bryan Taylor,curtisfletcher@gmail.com,+1-178-071-1111x41823,Project Lead,Management
3162,2017,Michael Wheeler,ryan38@yahoo.com,391-407-4026,R&D Manager,Research
3163,2010,Richard Moore,mark12@yahoo.com,198-944-2071x669,R&D Manager,AI Department
3164,2015,Nancy Gonzalez,hernandezscott@yahoo.com,001-114-621-1355,CTO,Management
3165,2039,Brandon Anderson IV,jasmineramirez@sanchez.com,+1-811-609-1519x537,CTO,Engineering
3166,2020,Anne Kelley,fernandezkayla@parker-jones.com,(000)801-0981x956,Project Lead,Technology
3167,2002,Carl Combs,cbaker@gmail.com,+1-474-509-7927x0240,CTO,Engineering
3168,2019,Michelle Wong,adamalvarado@yahoo.com,974-513-3120x614,Project Lead,Research
3169,2003,Miss Jessica Sanchez,murphyjoseph@edwards.com,531.044.6322,Project Lead,Engineering
3170,2025,Lisa Thomas,sarawood@mendoza-schneider.com,323.508.9046,Project Lead,Technology
3171,2025,Mrs. Jo Russell,amy44@hotmail.com,001-065-356-1442x30232,CTO,Technology
3172,2022,Vanessa Arnold,daltongibbs@warren.org,+1-704-105-4937x4251,R&D Manager,Technology
3173,2042,Corey Lane,monique12@yahoo.com,958.603.0241,Innovation Officer,Technology
3174,2047,David Knox,martinjeremy@gmail.com,016-290-5298,Project Lead,Technology
3175,2005,Amanda Grimes,sharon71@chavez.info,289-137-6750,Innovation Officer,Engineering
3176,2037,Mark Hart,kellicurtis@hotmail.com,711.030.5356x6781,CEO,Engineering
3177,2010,Kayla Hale,julie84@gmail.com,+1-785-196-1631x1097,CEO,Engineering
3178,2049,Mr. Michael Medina,taylorjoshua@hotmail.com,+1-357-234-9371x954,CEO,Research
3179,2048,Marcus Cervantes,smithallison@edwards.biz,227-862-6750x05013,R&D Manager,AI Department
3180,2003,Tiffany Hernandez,anna20@yahoo.com,549-308-9248x7662,CTO,Technology
3181,2044,Amanda Terry,mbrowning@gmail.com,(389)510-2268,Innovation Officer,Management
3182,2027,Edward Stevenson,kholland@gmail.com,001-375-519-8655x84663,Project Lead,Management
3183,2040,Ryan Novak,rachelrhodes@hotmail.com,619-672-6389x03752,R&D Manager,Research
3184,2024,George Allen,dylan58@lopez-owens.com,+1-682-018-3305,Innovation Officer,Engineering
3185,2033,Jacob Mejia,johnsonphilip@myers.org,+1-288-797-7396,Project Lead,AI Department
3186,2027,David Morris,allisonguzman@stewart-nelson.com,001-496-110-8362x90598,R&D Manager,Engineering
3187,2048,Roy Graham,daniel92@gmail.com,674-029-8171,R&D Manager,Engineering
3188,2020,Mr. Jordan Callahan,emorris@hotmail.com,852.877.9177x64784,CEO,Research
3189,2048,Thomas Jordan,robersongary@hotmail.com,073-378-8240,CEO,AI Department
3190,2001,Sherri Williamson,aaron43@gmail.com,245.146.1336x024,Innovation Officer,Research
3191,2036,Mark Singh,connerkrista@yahoo.com,647.257.6220,Innovation Officer,AI Department
3192,2048,Marissa Byrd,josephbailey@yahoo.com,(004)158-0068,CTO,Research
3193,2007,Dale Parrish,hmendez@watson-pollard.biz,0793364013,Innovation Officer,Management
3194,2042,Robert Becker,alisonjackson@gmail.com,444.094.4643,CTO,Technology
3195,2007,Abigail Myers,patriciarussell@gmail.com,593.014.3717,Project Lead,AI Department
3196,2001,Peter Smith,dlynch@turner-ellis.com,345-459-3426x6621,Innovation Officer,AI Department
3197,2003,Hannah Johnson,adamsraymond@campbell.org,(312)196-9872x53327,CTO,Engineering
3198,2037,Christopher Jones,austinbowman@paul.com,683.580.8947x7129,CEO,Research
3199,2029,Tyler Arnold,marqueznicholas@bauer-cruz.com,001-503-550-2203x96902,Project Lead,AI Department
3200,2045,Donna Carter,monica87@gmail.com,907-037-8061x90513,Innovation Officer,Engineering
